Name,# Act,CNC,OS,SP (or I2),AD (or I3),LA (or I4),I5,TF (or I6),# RR,RF,RU,RS,RC,#NR,RF,RS,,LB / CPM,Author,UB,Author,Optimal?
1,300,16.843,0.25,0.017,0.171,0.03,0.594,0.298,4,0.25,1,0.175,0.2,n.a.,n.a.,n.a.,n.a.,44,,,,
2,300,16.963,0.25,0.013,0.161,0.047,0.588,0.177,4,0.25,1,0.148,0.2,n.a.,n.a.,n.a.,n.a.,41,,,,
3,300,16.603,0.25,0.017,0.314,0.052,0.698,0.345,4,0.25,1,0.134,0.2,n.a.,n.a.,n.a.,n.a.,41,,,,
4,300,17.69,0.25,0.013,0.144,0.047,0.563,0.191,4,0.25,1,0.137,0.2,n.a.,n.a.,n.a.,n.a.,42,,,,
5,300,16.727,0.25,0.017,0.241,0.041,0.661,0.294,4,0.25,1,0.149,0.2,n.a.,n.a.,n.a.,n.a.,40,,,,
6,300,16.913,0.25,0.013,0.131,0.041,0.549,0.178,4,0.25,1,0.115,0.2,n.a.,n.a.,n.a.,n.a.,39,,,,
7,300,16.98,0.25,0.017,0.212,0.033,0.623,0.314,4,0.25,1,0.124,0.2,n.a.,n.a.,n.a.,n.a.,42,,,,
8,300,16.833,0.25,0.017,0.257,0.047,0.675,0.286,4,0.25,1,0.136,0.2,n.a.,n.a.,n.a.,n.a.,44,,,,
9,300,17.587,0.25,0.017,0.327,0.051,0.703,0.361,4,0.25,1,0.129,0.2,n.a.,n.a.,n.a.,n.a.,38,,,,
10,300,17.977,0.25,0.013,0.225,0.061,0.651,0.243,4,0.25,1,0.122,0.2,n.a.,n.a.,n.a.,n.a.,39,,,,
11,300,17.26,0.25,0.017,0.167,0.036,0.596,0.29,4,0.25,1,0.023,0.4,n.a.,n.a.,n.a.,n.a.,45,,,,
12,300,17.123,0.25,0.017,0.216,0.039,0.616,0.311,4,0.25,1,0.015,0.4,n.a.,n.a.,n.a.,n.a.,41,,,,
13,300,17.05,0.25,0.02,0.253,0.029,0.599,0.393,4,0.25,1,0.013,0.4,n.a.,n.a.,n.a.,n.a.,46,,,,
14,300,16.977,0.25,0.017,0.327,0.048,0.698,0.296,4,0.25,1,0.017,0.4,n.a.,n.a.,n.a.,n.a.,45,,,,
15,300,17.453,0.25,0.017,0.322,0.045,0.685,0.33,4,0.25,1,0.013,0.4,n.a.,n.a.,n.a.,n.a.,43,,,,
16,300,16.84,0.25,0.017,0.282,0.041,0.676,0.331,4,0.25,1,0.023,0.4,n.a.,n.a.,n.a.,n.a.,44,,,,
17,300,17.253,0.25,0.017,0.265,0.043,0.674,0.356,4,0.25,1,0.019,0.4,n.a.,n.a.,n.a.,n.a.,42,,,,
18,300,17.317,0.25,0.017,0.269,0.035,0.644,0.307,4,0.25,1,0.015,0.4,n.a.,n.a.,n.a.,n.a.,48,,,,
19,300,17.233,0.25,0.017,0.314,0.044,0.685,0.348,4,0.25,1,0.026,0.4,n.a.,n.a.,n.a.,n.a.,48,,,,
20,300,17.55,0.25,0.013,0.127,0.047,0.556,0.185,4,0.25,1,0.022,0.4,n.a.,n.a.,n.a.,n.a.,42,,,,
21,300,16.743,0.25,0.013,0.148,0.045,0.589,0.156,4,0.25,1,0,0.6,n.a.,n.a.,n.a.,n.a.,44,,,,
22,300,17.473,0.25,0.017,0.286,0.039,0.673,0.287,4,0.25,1,0,0.6,n.a.,n.a.,n.a.,n.a.,41,,,,
23,300,17.013,0.25,0.017,0.29,0.047,0.706,0.314,4,0.25,1,0,0.6,n.a.,n.a.,n.a.,n.a.,43,,,,
24,300,16.963,0.25,0.017,0.257,0.04,0.66,0.288,4,0.25,1,0,0.6,n.a.,n.a.,n.a.,n.a.,44,,,,
25,300,17.49,0.25,0.017,0.257,0.039,0.643,0.337,4,0.25,1,0,0.6,n.a.,n.a.,n.a.,n.a.,50,,,,
26,300,17.32,0.25,0.017,0.294,0.042,0.685,0.327,4,0.25,1,0,0.6,n.a.,n.a.,n.a.,n.a.,45,,,,
27,300,17.317,0.25,0.017,0.294,0.046,0.681,0.335,4,0.25,1,0,0.6,n.a.,n.a.,n.a.,n.a.,43,,,,
28,300,17.197,0.25,0.013,0.136,0.048,0.565,0.171,4,0.25,1,0,0.6,n.a.,n.a.,n.a.,n.a.,45,,,,
29,300,17.327,0.25,0.017,0.306,0.049,0.683,0.337,4,0.25,1,0,0.6,n.a.,n.a.,n.a.,n.a.,43,,,,
30,300,17.423,0.25,0.017,0.286,0.042,0.669,0.308,4,0.25,1,0,0.6,n.a.,n.a.,n.a.,n.a.,42,,,,
31,300,16.987,0.25,0.017,0.314,0.049,0.698,0.334,4,0.25,1,0,0.8,n.a.,n.a.,n.a.,n.a.,41,,,,
32,300,17.643,0.25,0.017,0.286,0.043,0.67,0.342,4,0.25,1,0,0.8,n.a.,n.a.,n.a.,n.a.,44,,,,
33,300,17.353,0.25,0.017,0.273,0.042,0.658,0.301,4,0.25,1,0,0.8,n.a.,n.a.,n.a.,n.a.,46,,,,
34,300,17.36,0.25,0.017,0.273,0.041,0.662,0.306,4,0.25,1,0,0.8,n.a.,n.a.,n.a.,n.a.,44,,,,
35,300,17.927,0.25,0.017,0.314,0.051,0.699,0.367,4,0.25,1,0,0.8,n.a.,n.a.,n.a.,n.a.,47,,,,
36,300,17.493,0.25,0.017,0.278,0.047,0.685,0.328,4,0.25,1,0,0.8,n.a.,n.a.,n.a.,n.a.,44,,,,
37,300,17.647,0.25,0.017,0.261,0.046,0.658,0.327,4,0.25,1,0,0.8,n.a.,n.a.,n.a.,n.a.,42,,,,
38,300,16.963,0.25,0.017,0.212,0.043,0.645,0.297,4,0.25,1,0,0.8,n.a.,n.a.,n.a.,n.a.,43,,,,
39,300,17.593,0.25,0.017,0.286,0.041,0.654,0.314,4,0.25,1,0,0.8,n.a.,n.a.,n.a.,n.a.,43,,,,
40,300,17.603,0.25,0.017,0.245,0.036,0.636,0.318,4,0.25,1,0,0.8,n.a.,n.a.,n.a.,n.a.,41,,,,
41,300,17.433,0.25,0.017,0.265,0.04,0.669,0.302,4,0.5,2,0.066,0.2,n.a.,n.a.,n.a.,n.a.,48,,,,
42,300,17.477,0.25,0.013,0.14,0.042,0.582,0.181,4,0.5,2,0.058,0.2,n.a.,n.a.,n.a.,n.a.,44,,,,
43,300,17.1,0.25,0.017,0.208,0.04,0.629,0.305,4,0.5,2,0.064,0.2,n.a.,n.a.,n.a.,n.a.,40,,,,
44,300,17.117,0.25,0.017,0.208,0.034,0.626,0.295,4,0.5,2,0.069,0.2,n.a.,n.a.,n.a.,n.a.,42,,,,
45,300,17.03,0.25,0.013,0.153,0.045,0.6,0.197,4,0.5,2,0.056,0.2,n.a.,n.a.,n.a.,n.a.,38,,,,
46,300,17.36,0.25,0.017,0.273,0.044,0.657,0.339,4,0.5,2,0.046,0.2,n.a.,n.a.,n.a.,n.a.,43,,,,
47,300,17.66,0.25,0.017,0.306,0.044,0.672,0.355,4,0.5,2,0.054,0.2,n.a.,n.a.,n.a.,n.a.,38,,,,
48,300,17.043,0.25,0.013,0.153,0.043,0.598,0.186,4,0.5,2,0.058,0.2,n.a.,n.a.,n.a.,n.a.,39,,,,
49,300,17.067,0.25,0.013,0.195,0.051,0.633,0.184,4,0.5,2,0.066,0.2,n.a.,n.a.,n.a.,n.a.,45,,,,
50,300,17.513,0.25,0.017,0.294,0.046,0.676,0.365,4,0.5,2,0.064,0.2,n.a.,n.a.,n.a.,n.a.,38,,,,
51,300,17.44,0.25,0.017,0.2,0.033,0.609,0.339,4,0.5,2,0.002,0.4,n.a.,n.a.,n.a.,n.a.,41,,,,
52,300,16.99,0.25,0.017,0.257,0.039,0.662,0.298,4,0.5,2,0.009,0.4,n.a.,n.a.,n.a.,n.a.,46,,,,
53,300,16.71,0.25,0.013,0.153,0.047,0.604,0.191,4,0.5,2,0.01,0.4,n.a.,n.a.,n.a.,n.a.,40,,,,
54,300,17,0.25,0.017,0.286,0.049,0.694,0.328,4,0.5,2,0.005,0.4,n.a.,n.a.,n.a.,n.a.,44,,,,
55,300,18.047,0.25,0.017,0.261,0.042,0.643,0.343,4,0.5,2,0.005,0.4,n.a.,n.a.,n.a.,n.a.,45,,,,
56,300,16.803,0.25,0.017,0.224,0.04,0.631,0.305,4,0.5,2,0.003,0.4,n.a.,n.a.,n.a.,n.a.,44,,,,
57,300,17.287,0.25,0.017,0.29,0.043,0.679,0.31,4,0.5,2,0,0.4,n.a.,n.a.,n.a.,n.a.,47,,,,
58,300,17.443,0.25,0.017,0.282,0.039,0.651,0.319,4,0.5,2,0.005,0.4,n.a.,n.a.,n.a.,n.a.,42,,,,
59,300,17.74,0.25,0.013,0.191,0.055,0.611,0.252,4,0.5,2,0.006,0.4,n.a.,n.a.,n.a.,n.a.,42,,,,
60,300,17.37,0.25,0.017,0.306,0.051,0.702,0.337,4,0.5,2,0.003,0.4,n.a.,n.a.,n.a.,n.a.,45,,,,
61,300,17.627,0.25,0.017,0.265,0.048,0.668,0.343,4,0.5,2,0,0.6,n.a.,n.a.,n.a.,n.a.,44,,,,
62,300,17.237,0.25,0.017,0.245,0.046,0.664,0.316,4,0.5,2,0,0.6,n.a.,n.a.,n.a.,n.a.,41,,,,
63,300,17.64,0.25,0.017,0.327,0.046,0.696,0.352,4,0.5,2,0,0.6,n.a.,n.a.,n.a.,n.a.,44,,,,
64,300,16.5,0.25,0.013,0.153,0.043,0.588,0.173,4,0.5,2,0,0.6,n.a.,n.a.,n.a.,n.a.,41,,,,
65,300,17.297,0.25,0.017,0.282,0.042,0.68,0.324,4,0.5,2,0,0.6,n.a.,n.a.,n.a.,n.a.,38,,,,
66,300,17.56,0.25,0.017,0.29,0.043,0.677,0.324,4,0.5,2,0,0.6,n.a.,n.a.,n.a.,n.a.,44,,,,
67,300,17.33,0.25,0.017,0.282,0.04,0.658,0.328,4,0.5,2,0,0.6,n.a.,n.a.,n.a.,n.a.,47,,,,
68,300,17.327,0.25,0.017,0.31,0.045,0.678,0.362,4,0.5,2,0,0.6,n.a.,n.a.,n.a.,n.a.,42,,,,
69,300,16.747,0.25,0.017,0.208,0.04,0.627,0.31,4,0.5,2,0,0.6,n.a.,n.a.,n.a.,n.a.,46,,,,
70,300,17.333,0.25,0.017,0.327,0.05,0.7,0.329,4,0.5,2,0,0.6,n.a.,n.a.,n.a.,n.a.,48,,,,
71,300,17.12,0.25,0.013,0.14,0.047,0.588,0.164,4,0.5,2,0,0.8,n.a.,n.a.,n.a.,n.a.,44,,,,
72,300,17.117,0.25,0.017,0.302,0.049,0.685,0.311,4,0.5,2,0,0.8,n.a.,n.a.,n.a.,n.a.,44,,,,
73,300,17.123,0.25,0.013,0.165,0.045,0.599,0.191,4,0.5,2,0,0.8,n.a.,n.a.,n.a.,n.a.,42,,,,
74,300,17.343,0.25,0.013,0.161,0.041,0.576,0.162,4,0.5,2,0,0.8,n.a.,n.a.,n.a.,n.a.,39,,,,
75,300,17.213,0.25,0.017,0.302,0.045,0.682,0.331,4,0.5,2,0,0.8,n.a.,n.a.,n.a.,n.a.,45,,,,
76,300,17.123,0.25,0.013,0.169,0.045,0.604,0.169,4,0.5,2,0,0.8,n.a.,n.a.,n.a.,n.a.,39,,,,
77,300,17.12,0.25,0.017,0.278,0.039,0.663,0.308,4,0.5,2,0,0.8,n.a.,n.a.,n.a.,n.a.,42,,,,
78,300,17.213,0.25,0.017,0.253,0.039,0.656,0.295,4,0.5,2,0,0.8,n.a.,n.a.,n.a.,n.a.,44,,,,
79,300,17.02,0.25,0.02,0.325,0.032,0.688,0.394,4,0.5,2,0,0.8,n.a.,n.a.,n.a.,n.a.,43,,,,
80,300,16.947,0.25,0.013,0.182,0.047,0.617,0.19,4,0.5,2,0,0.8,n.a.,n.a.,n.a.,n.a.,41,,,,
81,300,17.483,0.25,0.013,0.165,0.044,0.557,0.193,4,0.75,3,0.042,0.2,n.a.,n.a.,n.a.,n.a.,46,,,,
82,300,17.38,0.25,0.013,0.11,0.043,0.56,0.181,4,0.75,3,0.044,0.2,n.a.,n.a.,n.a.,n.a.,42,,,,
83,300,17.063,0.25,0.017,0.22,0.039,0.634,0.304,4,0.75,3,0.04,0.2,n.a.,n.a.,n.a.,n.a.,49,,,,
84,300,17.433,0.25,0.013,0.153,0.041,0.571,0.177,4,0.75,3,0.045,0.2,n.a.,n.a.,n.a.,n.a.,45,,,,
85,300,17.38,0.25,0.017,0.208,0.038,0.617,0.305,4,0.75,3,0.038,0.2,n.a.,n.a.,n.a.,n.a.,46,,,,
86,300,16.39,0.25,0.017,0.224,0.039,0.643,0.307,4,0.75,3,0.038,0.2,n.a.,n.a.,n.a.,n.a.,42,,,,
87,300,17.497,0.25,0.017,0.269,0.046,0.66,0.325,4,0.75,3,0.034,0.2,n.a.,n.a.,n.a.,n.a.,48,,,,
88,300,17.35,0.25,0.017,0.273,0.042,0.673,0.326,4,0.75,3,0.037,0.2,n.a.,n.a.,n.a.,n.a.,50,,,,
89,300,16.94,0.25,0.017,0.249,0.039,0.664,0.309,4,0.75,3,0.046,0.2,n.a.,n.a.,n.a.,n.a.,44,,,,
90,300,16.38,0.25,0.02,0.329,0.031,0.694,0.373,4,0.75,3,0.039,0.2,n.a.,n.a.,n.a.,n.a.,44,,,,
91,300,17.633,0.25,0.013,0.161,0.04,0.578,0.194,4,0.75,3,0.001,0.4,n.a.,n.a.,n.a.,n.a.,43,,,,
92,300,17.613,0.25,0.017,0.294,0.039,0.68,0.341,4,0.75,3,0.002,0.4,n.a.,n.a.,n.a.,n.a.,47,,,,
93,300,16.803,0.25,0.017,0.241,0.04,0.652,0.288,4,0.75,3,0.004,0.4,n.a.,n.a.,n.a.,n.a.,44,,,,
94,300,17.823,0.25,0.017,0.253,0.045,0.645,0.349,4,0.75,3,0.001,0.4,n.a.,n.a.,n.a.,n.a.,40,,,,
95,300,17.31,0.25,0.013,0.161,0.047,0.61,0.148,4,0.75,3,0.001,0.4,n.a.,n.a.,n.a.,n.a.,44,,,,
96,300,17.63,0.25,0.013,0.144,0.045,0.576,0.211,4,0.75,3,0.002,0.4,n.a.,n.a.,n.a.,n.a.,46,,,,
97,300,17.147,0.25,0.013,0.182,0.043,0.582,0.177,4,0.75,3,0.002,0.4,n.a.,n.a.,n.a.,n.a.,40,,,,
98,300,17.44,0.25,0.017,0.314,0.046,0.696,0.343,4,0.75,3,0.002,0.4,n.a.,n.a.,n.a.,n.a.,46,,,,
99,300,16.873,0.25,0.017,0.253,0.041,0.677,0.312,4,0.75,3,0.003,0.4,n.a.,n.a.,n.a.,n.a.,49,,,,
100,300,17.49,0.25,0.017,0.245,0.041,0.633,0.324,4,0.75,3,0.002,0.4,n.a.,n.a.,n.a.,n.a.,37,,,,
101,300,16.87,0.25,0.017,0.253,0.045,0.66,0.319,4,0.75,3,0,0.6,n.a.,n.a.,n.a.,n.a.,47,,,,
102,300,16.797,0.25,0.017,0.249,0.04,0.653,0.335,4,0.75,3,0,0.6,n.a.,n.a.,n.a.,n.a.,46,,,,
103,300,17.037,0.25,0.017,0.245,0.042,0.645,0.35,4,0.75,3,0,0.6,n.a.,n.a.,n.a.,n.a.,48,,,,
104,300,17.387,0.25,0.013,0.165,0.049,0.602,0.201,4,0.75,3,0,0.6,n.a.,n.a.,n.a.,n.a.,41,,,,
105,300,16.837,0.25,0.013,0.106,0.037,0.505,0.16,4,0.75,3,0,0.6,n.a.,n.a.,n.a.,n.a.,41,,,,
106,300,17.033,0.25,0.017,0.282,0.042,0.655,0.273,4,0.75,3,0,0.6,n.a.,n.a.,n.a.,n.a.,51,,,,
107,300,17.957,0.25,0.013,0.136,0.041,0.539,0.208,4,0.75,3,0,0.6,n.a.,n.a.,n.a.,n.a.,38,,,,
108,300,17.34,0.25,0.02,0.333,0.041,0.706,0.407,4,0.75,3,0,0.6,n.a.,n.a.,n.a.,n.a.,51,,,,
109,300,17.287,0.25,0.017,0.302,0.048,0.687,0.327,4,0.75,3,0,0.6,n.a.,n.a.,n.a.,n.a.,41,,,,
110,300,17.53,0.25,0.017,0.273,0.042,0.668,0.307,4,0.75,3,0,0.6,n.a.,n.a.,n.a.,n.a.,45,,,,
111,300,17.03,0.25,0.013,0.169,0.045,0.588,0.181,4,0.75,3,0,0.8,n.a.,n.a.,n.a.,n.a.,43,,,,
112,300,17.19,0.25,0.013,0.169,0.044,0.597,0.183,4,0.75,3,0,0.8,n.a.,n.a.,n.a.,n.a.,43,,,,
113,300,16.99,0.25,0.017,0.22,0.04,0.622,0.296,4,0.75,3,0,0.8,n.a.,n.a.,n.a.,n.a.,48,,,,
114,300,16.993,0.25,0.02,0.313,0.045,0.689,0.348,4,0.75,3,0,0.8,n.a.,n.a.,n.a.,n.a.,44,,,,
115,300,17.057,0.25,0.013,0.144,0.047,0.584,0.164,4,0.75,3,0,0.8,n.a.,n.a.,n.a.,n.a.,43,,,,
116,300,17.127,0.25,0.017,0.237,0.043,0.651,0.324,4,0.75,3,0,0.8,n.a.,n.a.,n.a.,n.a.,42,,,,
117,300,17.093,0.25,0.02,0.301,0.036,0.68,0.406,4,0.75,3,0,0.8,n.a.,n.a.,n.a.,n.a.,45,,,,
118,300,17.05,0.25,0.017,0.237,0.039,0.639,0.287,4,0.75,3,0,0.8,n.a.,n.a.,n.a.,n.a.,46,,,,
119,300,16.68,0.25,0.013,0.136,0.051,0.601,0.164,4,0.75,3,0,0.8,n.a.,n.a.,n.a.,n.a.,43,,,,
120,300,17.62,0.25,0.017,0.216,0.037,0.613,0.336,4,0.75,3,0,0.8,n.a.,n.a.,n.a.,n.a.,46,,,,
121,300,17.147,0.25,0.017,0.278,0.039,0.662,0.299,4,1,4,0.024,0.2,n.a.,n.a.,n.a.,n.a.,54,,,,
122,300,16.93,0.25,0.013,0.081,0.039,0.54,0.159,4,1,4,0.03,0.2,n.a.,n.a.,n.a.,n.a.,42,,,,
123,300,17.073,0.25,0.017,0.229,0.034,0.622,0.297,4,1,4,0.028,0.2,n.a.,n.a.,n.a.,n.a.,42,,,,
124,300,17.337,0.25,0.017,0.273,0.038,0.654,0.327,4,1,4,0.033,0.2,n.a.,n.a.,n.a.,n.a.,42,,,,
125,300,17.437,0.25,0.017,0.204,0.041,0.603,0.316,4,1,4,0.027,0.2,n.a.,n.a.,n.a.,n.a.,44,,,,
126,300,16.813,0.25,0.017,0.29,0.044,0.68,0.312,4,1,4,0.023,0.2,n.a.,n.a.,n.a.,n.a.,45,,,,
127,300,17.49,0.25,0.02,0.345,0.038,0.708,0.387,4,1,4,0.03,0.2,n.a.,n.a.,n.a.,n.a.,48,,,,
128,300,17.497,0.25,0.017,0.233,0.037,0.623,0.323,4,1,4,0.026,0.2,n.a.,n.a.,n.a.,n.a.,45,,,,
129,300,16.627,0.25,0.013,0.144,0.044,0.576,0.168,4,1,4,0.027,0.2,n.a.,n.a.,n.a.,n.a.,41,,,,
130,300,17.447,0.25,0.017,0.249,0.036,0.658,0.32,4,1,4,0.029,0.2,n.a.,n.a.,n.a.,n.a.,40,,,,
131,300,17.493,0.25,0.013,0.14,0.042,0.569,0.162,4,1,4,0,0.4,n.a.,n.a.,n.a.,n.a.,41,,,,
132,300,17.52,0.25,0.013,0.165,0.049,0.601,0.183,4,1,4,0,0.4,n.a.,n.a.,n.a.,n.a.,45,,,,
133,300,17.013,0.25,0.017,0.2,0.036,0.61,0.278,4,1,4,0.003,0.4,n.a.,n.a.,n.a.,n.a.,54,,,,
134,300,17.063,0.25,0.017,0.269,0.042,0.669,0.318,4,1,4,0.001,0.4,n.a.,n.a.,n.a.,n.a.,44,,,,
135,300,17.583,0.25,0.013,0.169,0.051,0.607,0.196,4,1,4,0.002,0.4,n.a.,n.a.,n.a.,n.a.,45,,,,
136,300,17.05,0.25,0.017,0.282,0.042,0.666,0.337,4,1,4,0.001,0.4,n.a.,n.a.,n.a.,n.a.,44,,,,
137,300,17.673,0.25,0.017,0.298,0.046,0.674,0.342,4,1,4,0.001,0.4,n.a.,n.a.,n.a.,n.a.,44,,,,
138,300,17.187,0.25,0.013,0.127,0.04,0.555,0.158,4,1,4,0.003,0.4,n.a.,n.a.,n.a.,n.a.,36,,,,
139,300,16.833,0.25,0.013,0.127,0.048,0.582,0.169,4,1,4,0.003,0.4,n.a.,n.a.,n.a.,n.a.,41,,,,
140,300,17.793,0.25,0.013,0.186,0.05,0.605,0.214,4,1,4,0.002,0.4,n.a.,n.a.,n.a.,n.a.,43,,,,
141,300,16.86,0.25,0.017,0.249,0.037,0.638,0.31,4,1,4,0,0.6,n.a.,n.a.,n.a.,n.a.,44,,,,
142,300,16.9,0.25,0.017,0.253,0.04,0.67,0.291,4,1,4,0,0.6,n.a.,n.a.,n.a.,n.a.,42,,,,
143,300,17.347,0.25,0.017,0.229,0.036,0.627,0.329,4,1,4,0,0.6,n.a.,n.a.,n.a.,n.a.,42,,,,
144,300,16.727,0.25,0.013,0.127,0.041,0.557,0.183,4,1,4,0,0.6,n.a.,n.a.,n.a.,n.a.,40,,,,
145,300,16.88,0.25,0.017,0.233,0.04,0.632,0.309,4,1,4,0,0.6,n.a.,n.a.,n.a.,n.a.,43,,,,
146,300,17.627,0.25,0.017,0.241,0.04,0.645,0.314,4,1,4,0,0.6,n.a.,n.a.,n.a.,n.a.,39,,,,
147,300,17.527,0.25,0.017,0.249,0.044,0.652,0.341,4,1,4,0,0.6,n.a.,n.a.,n.a.,n.a.,40,,,,
148,300,16.943,0.25,0.017,0.229,0.037,0.616,0.327,4,1,4,0,0.6,n.a.,n.a.,n.a.,n.a.,42,,,,
149,300,17.497,0.25,0.017,0.282,0.035,0.661,0.329,4,1,4,0,0.6,n.a.,n.a.,n.a.,n.a.,43,,,,
150,300,17.063,0.25,0.017,0.302,0.044,0.695,0.333,4,1,4,0,0.6,n.a.,n.a.,n.a.,n.a.,38,,,,
151,300,17.277,0.25,0.013,0.131,0.044,0.576,0.19,4,1,4,0,0.8,n.a.,n.a.,n.a.,n.a.,42,,,,
152,300,17.18,0.25,0.013,0.148,0.046,0.543,0.169,4,1,4,0,0.8,n.a.,n.a.,n.a.,n.a.,42,,,,
153,300,17.013,0.25,0.017,0.261,0.043,0.673,0.32,4,1,4,0,0.8,n.a.,n.a.,n.a.,n.a.,46,,,,
154,300,17.14,0.25,0.017,0.216,0.045,0.615,0.32,4,1,4,0,0.8,n.a.,n.a.,n.a.,n.a.,46,,,,
155,300,17.583,0.25,0.017,0.216,0.032,0.624,0.282,4,1,4,0,0.8,n.a.,n.a.,n.a.,n.a.,46,,,,
156,300,16.987,0.25,0.017,0.269,0.042,0.664,0.326,4,1,4,0,0.8,n.a.,n.a.,n.a.,n.a.,42,,,,
157,300,17.36,0.25,0.013,0.195,0.053,0.638,0.186,4,1,4,0,0.8,n.a.,n.a.,n.a.,n.a.,39,,,,
158,300,17.167,0.25,0.017,0.265,0.045,0.669,0.295,4,1,4,0,0.8,n.a.,n.a.,n.a.,n.a.,38,,,,
159,300,17.047,0.25,0.017,0.286,0.045,0.683,0.343,4,1,4,0,0.8,n.a.,n.a.,n.a.,n.a.,43,,,,
160,300,16.957,0.25,0.013,0.085,0.04,0.535,0.167,4,1,4,0,0.8,n.a.,n.a.,n.a.,n.a.,50,,,,
161,300,17.03,0.5,0.023,0.133,0.073,0.796,0.101,4,0.25,1,0.243,0.2,n.a.,n.a.,n.a.,n.a.,61,,,,
162,300,16.9,0.5,0.027,0.22,0.07,0.814,0.184,4,0.25,1,0.171,0.2,n.a.,n.a.,n.a.,n.a.,57,,,,
163,300,17.373,0.5,0.027,0.204,0.055,0.803,0.203,4,0.25,1,0.214,0.2,n.a.,n.a.,n.a.,n.a.,65,,,,
164,300,16.293,0.5,0.027,0.128,0.054,0.764,0.14,4,0.25,1,0.153,0.2,n.a.,n.a.,n.a.,n.a.,69,,,,
165,300,16.97,0.5,0.027,0.081,0.055,0.762,0.181,4,0.25,1,0.205,0.2,n.a.,n.a.,n.a.,n.a.,60,,,,
166,300,16.293,0.5,0.027,0.128,0.054,0.764,0.14,4,0.25,1,0.224,0.2,n.a.,n.a.,n.a.,n.a.,70,,,,
167,300,17.03,0.5,0.023,0.133,0.073,0.796,0.101,4,0.25,1,0.197,0.2,n.a.,n.a.,n.a.,n.a.,62,,,,
168,300,17.373,0.5,0.027,0.204,0.055,0.803,0.203,4,0.25,1,0.226,0.2,n.a.,n.a.,n.a.,n.a.,59,,,,
169,300,16.9,0.5,0.027,0.22,0.07,0.814,0.184,4,0.25,1,0.182,0.2,n.a.,n.a.,n.a.,n.a.,71,,,,
170,300,17.373,0.5,0.027,0.204,0.055,0.803,0.203,4,0.25,1,0.209,0.2,n.a.,n.a.,n.a.,n.a.,64,,,,
171,300,16.467,0.5,0.027,0.129,0.052,0.765,0.171,4,0.25,1,0.041,0.4,n.a.,n.a.,n.a.,n.a.,64,,,,
172,300,16.293,0.5,0.027,0.128,0.054,0.764,0.14,4,0.25,1,0.036,0.4,n.a.,n.a.,n.a.,n.a.,69,,,,
173,300,16.157,0.5,0.03,0.249,0.06,0.825,0.226,4,0.25,1,0.029,0.4,n.a.,n.a.,n.a.,n.a.,72,,,,
174,300,17.03,0.5,0.023,0.133,0.073,0.796,0.101,4,0.25,1,0.017,0.4,n.a.,n.a.,n.a.,n.a.,61,,,,
175,300,16.9,0.5,0.027,0.22,0.07,0.814,0.184,4,0.25,1,0.027,0.4,n.a.,n.a.,n.a.,n.a.,68,,,,
176,300,16.897,0.5,0.027,0.171,0.061,0.79,0.204,4,0.25,1,0.019,0.4,n.a.,n.a.,n.a.,n.a.,65,,,,
177,300,16.157,0.5,0.03,0.249,0.06,0.825,0.226,4,0.25,1,0.032,0.4,n.a.,n.a.,n.a.,n.a.,67,,,,
178,300,16.293,0.5,0.027,0.128,0.054,0.764,0.14,4,0.25,1,0.049,0.4,n.a.,n.a.,n.a.,n.a.,65,,,,
179,300,16.97,0.5,0.027,0.081,0.055,0.762,0.181,4,0.25,1,0.014,0.4,n.a.,n.a.,n.a.,n.a.,63,,,,
180,300,16.293,0.5,0.027,0.128,0.054,0.764,0.14,4,0.25,1,0.029,0.4,n.a.,n.a.,n.a.,n.a.,65,,,,
181,300,16.97,0.5,0.027,0.081,0.055,0.762,0.181,4,0.25,1,0,0.6,n.a.,n.a.,n.a.,n.a.,63,,,,
182,300,17.03,0.5,0.023,0.133,0.073,0.796,0.101,4,0.25,1,0,0.6,n.a.,n.a.,n.a.,n.a.,62,,,,
183,300,16.97,0.5,0.027,0.081,0.055,0.762,0.181,4,0.25,1,0,0.6,n.a.,n.a.,n.a.,n.a.,76,,,,
184,300,16.293,0.5,0.027,0.128,0.054,0.764,0.14,4,0.25,1,0,0.6,n.a.,n.a.,n.a.,n.a.,68,,,,
185,300,16.293,0.5,0.027,0.128,0.054,0.764,0.14,4,0.25,1,0,0.6,n.a.,n.a.,n.a.,n.a.,63,,,,
186,300,16.897,0.5,0.027,0.171,0.061,0.79,0.204,4,0.25,1,0,0.6,n.a.,n.a.,n.a.,n.a.,65,,,,
187,300,16.783,0.5,0.027,0.116,0.051,0.78,0.134,4,0.25,1,0,0.6,n.a.,n.a.,n.a.,n.a.,69,,,,
188,300,16.467,0.5,0.027,0.129,0.052,0.765,0.171,4,0.25,1,0,0.6,n.a.,n.a.,n.a.,n.a.,63,,,,
189,300,17.03,0.5,0.023,0.133,0.073,0.796,0.101,4,0.25,1,0,0.6,n.a.,n.a.,n.a.,n.a.,66,,,,
190,300,16.467,0.5,0.027,0.129,0.052,0.765,0.171,4,0.25,1,0,0.6,n.a.,n.a.,n.a.,n.a.,63,,,,
191,300,16.97,0.5,0.027,0.081,0.055,0.762,0.181,4,0.25,1,0,0.8,n.a.,n.a.,n.a.,n.a.,71,,,,
192,300,16.9,0.5,0.027,0.22,0.07,0.814,0.184,4,0.25,1,0,0.8,n.a.,n.a.,n.a.,n.a.,67,,,,
193,300,17.373,0.5,0.027,0.204, ,0.803,0.203,4,0.25,1,0,0.8,n.a.,n.a.,n.a.,n.a.,64,,,,
194,300,16.783,0.5,0.027,0.116,0.051,0.78,0.134,4,0.25,1,0,0.8,n.a.,n.a.,n.a.,n.a.,63,,,,
195,300,16.293,0.5,0.027,0.128,0.054,0.764,0.14,4,0.25,1,0,0.8,n.a.,n.a.,n.a.,n.a.,62,,,,
196,300,16.157,0.5,0.03,0.249,0.06,0.825,0.226,4,0.25,1,0,0.8,n.a.,n.a.,n.a.,n.a.,63,,,,
197,300,16.597,0.5,0.027,0.193,0.06,0.809,0.182,4,0.25,1,0,0.8,n.a.,n.a.,n.a.,n.a.,70,,,,
198,300,16.293,0.5,0.027,0.128,0.054,0.764,0.14,4,0.25,1,0,0.8,n.a.,n.a.,n.a.,n.a.,61,,,,
199,300,17.03,0.5,0.023,0.133,0.073,0.796,0.101,4,0.25,1,0,0.8,n.a.,n.a.,n.a.,n.a.,62,,,,
200,300,16.783,0.5,0.027,0.116,0.051,0.78,0.134,4,0.25,1,0,0.8,n.a.,n.a.,n.a.,n.a.,62,,,,
201,300,16.293,0.5,0.027,0.128,0.054,0.764,0.14,4,0.5,2,0.1,0.2,n.a.,n.a.,n.a.,n.a.,59,,,,
202,300,16.97,0.5,0.027,0.081,0.055,0.762,0.181,4,0.5,2,0.091,0.2,n.a.,n.a.,n.a.,n.a.,62,,,,
203,300,16.293,0.5,0.027,0.128,0.054,0.764,0.14,4,0.5,2,0.083,0.2,n.a.,n.a.,n.a.,n.a.,67,,,,
204,300,16.783,0.5,0.027,0.116,0.051,0.78,0.134,4,0.5,2,0.096,0.2,n.a.,n.a.,n.a.,n.a.,65,,,,
205,300,17.03,0.5,0.023,0.133,0.073,0.796,0.101,4,0.5,2,0.12,0.2,n.a.,n.a.,n.a.,n.a.,67,,,,
206,300,16.9,0.5,0.027,0.22,0.07,0.814,0.184,4,0.5,2,0.101,0.2,n.a.,n.a.,n.a.,n.a.,75,,,,
207,300,16.293,0.5,0.027,0.128,0.054,0.764,0.14,4,0.5,2,0.09,0.2,n.a.,n.a.,n.a.,n.a.,57,,,,
208,300,16.897,0.5,0.027,0.171,0.061,0.79,0.204,4,0.5,2,0.117,0.2,n.a.,n.a.,n.a.,n.a.,65,,,,
209,300,16.9,0.5,0.027,0.22,0.07,0.814,0.184,4,0.5,2,0.117,0.2,n.a.,n.a.,n.a.,n.a.,62,,,,
210,300,16.293,0.5,0.027,0.128,0.054,0.764,0.14,4,0.5,2,0.098,0.2,n.a.,n.a.,n.a.,n.a.,69,,,,
211,300,16.293,0.5,0.027,0.128,0.054,0.764,0.14,4,0.5,2,0.009,0.4,n.a.,n.a.,n.a.,n.a.,63,,,,
212,300,16.157,0.5,0.03,0.249,0.06,0.825,0.226,4,0.5,2,0.011,0.4,n.a.,n.a.,n.a.,n.a.,73,,,,
213,300,17.03,0.5,0.023,0.133,0.073,0.796,0.101,4,0.5,2,0.008,0.4,n.a.,n.a.,n.a.,n.a.,72,,,,
214,300,16.97,0.5,0.027,0.081,0.055,0.762,0.181,4,0.5,2,0.005,0.4,n.a.,n.a.,n.a.,n.a.,64,,,,
215,300,17.03,0.5,0.023,0.133,0.073,0.796,0.101,4,0.5,2,0.005,0.4,n.a.,n.a.,n.a.,n.a.,68,,,,
216,300,17.373,0.5,0.027,0.204,0.055,0.803,0.203,4,0.5,2,0.009,0.4,n.a.,n.a.,n.a.,n.a.,63,,,,
217,300,16.157,0.5,0.03,0.249,0.06,0.825,0.226,4,0.5,2,0.012,0.4,n.a.,n.a.,n.a.,n.a.,67,,,,
218,300,16.783,0.5,0.027,0.116,0.051,0.78,0.134,4,0.5,2,0.005,0.4,n.a.,n.a.,n.a.,n.a.,63,,,,
219,300,16.157,0.5,0.03,0.249,0.06,0.825,0.226,4,0.5,2,0.023,0.4,n.a.,n.a.,n.a.,n.a.,68,,,,
220,300,16.157,0.5,0.03,0.249,0.06,0.825,0.226,4,0.5,2,0.006,0.4,n.a.,n.a.,n.a.,n.a.,59,,,,
221,300,17.373,0.5,0.027,0.204,0.055,0.803,0.203,4,0.5,2,0,0.6,n.a.,n.a.,n.a.,n.a.,64,,,,
222,300,16.9,0.5,0.027,0.22,0.07,0.814,0.184,4,0.5,2,0,0.6,n.a.,n.a.,n.a.,n.a.,58,,,,
223,300,16.293,0.5,0.027,0.128,0.054,0.764,0.14,4,0.5,2,0,0.6,n.a.,n.a.,n.a.,n.a.,66,,,,
224,300,16.9,0.5,0.027,0.22,0.07,0.814,0.184,4,0.5,2,0,0.6,n.a.,n.a.,n.a.,n.a.,67,,,,
225,300,16.9,0.5,0.027,0.22,0.07,0.814,0.184,4,0.5,2,0,0.6,n.a.,n.a.,n.a.,n.a.,69,,,,
226,300,16.897,0.5,0.027,0.171,0.061,0.79,0.204,4,0.5,2,0,0.6,n.a.,n.a.,n.a.,n.a.,68,,,,
227,300,16.157,0.5,0.03,0.249,0.06,0.825,0.226,4,0.5,2,0,0.6,n.a.,n.a.,n.a.,n.a.,67,,,,
228,300,16.467,0.5,0.027,0.129,0.052,0.765,0.171,4,0.5,2,0,0.6,n.a.,n.a.,n.a.,n.a.,59,,,,
229,300,16.597,0.5,0.027,0.193,0.06,0.809,0.182,4,0.5,2,0,0.6,n.a.,n.a.,n.a.,n.a.,58,,,,
230,300,17.373,0.5,0.027,0.204,0.055,0.803,0.203,4,0.5,2,0,0.6,n.a.,n.a.,n.a.,n.a.,61,,,,
231,300,16.783,0.5,0.027,0.116,0.051,0.78,0.134,4,0.5,2,0,0.8,n.a.,n.a.,n.a.,n.a.,66,,,,
232,300,16.783,0.5,0.027,0.116,0.051,0.78,0.134,4,0.5,2,0,0.8,n.a.,n.a.,n.a.,n.a.,62,,,,
233,300,16.783,0.5,0.027,0.116,0.051,0.78,0.134,4,0.5,2,0,0.8,n.a.,n.a.,n.a.,n.a.,71,,,,
234,300,17.03,0.5,0.023,0.133,0.073,0.796,0.101,4,0.5,2,0,0.8,n.a.,n.a.,n.a.,n.a.,66,,,,
235,300,17.03,0.5,0.023,0.133,0.073,0.796,0.101,4,0.5,2,0,0.8,n.a.,n.a.,n.a.,n.a.,68,,,,
236,300,16.9,0.5,0.027,0.22,0.07,0.814,0.184,4,0.5,2,0,0.8,n.a.,n.a.,n.a.,n.a.,68,,,,
237,300,16.783,0.5,0.027,0.116,0.051,0.78,0.134,4,0.5,2,0,0.8,n.a.,n.a.,n.a.,n.a.,76,,,,
238,300,16.9,0.5,0.027,0.22,0.07,0.814,0.184,4,0.5,2,0,0.8,n.a.,n.a.,n.a.,n.a.,73,,,,
239,300,17.03,0.5,0.023,0.133,0.073,0.796,0.101,4,0.5,2,0,0.8,n.a.,n.a.,n.a.,n.a.,67,,,,
240,300,16.597,0.5,0.027,0.193,0.06,0.809,0.182,4,0.5,2,0,0.8,n.a.,n.a.,n.a.,n.a.,62,,,,
241,300,16.597,0.5,0.027,0.193,0.06,0.809,0.182,4,0.75,3,0.063,0.2,n.a.,n.a.,n.a.,n.a.,69,,,,
242,300,16.293,0.5,0.027,0.128,0.054,0.764,0.14,4,0.75,3,0.061,0.2,n.a.,n.a.,n.a.,n.a.,62,,,,
243,300,16.9,0.5,0.027,0.22,0.07,0.814,0.184,4,0.75,3,0.065,0.2,n.a.,n.a.,n.a.,n.a.,61,,,,
244,300,16.9,0.5,0.027,0.22,0.07,0.814,0.184,4,0.75,3,0.069,0.2,n.a.,n.a.,n.a.,n.a.,64,,,,
245,300,17.03,0.5,0.023,0.133,0.073,0.796,0.101,4,0.75,3,0.06,0.2,n.a.,n.a.,n.a.,n.a.,67,,,,
246,300,17.03,0.5,0.023,0.133,0.073,0.796,0.101,4,0.75,3,0.067,0.2,n.a.,n.a.,n.a.,n.a.,70,,,,
247,300,16.9,0.5,0.027,0.22,0.07,0.814,0.184,4,0.75,3,0.072,0.2,n.a.,n.a.,n.a.,n.a.,63,,,,
248,300,16.293,0.5,0.027,0.128,0.054,0.764,0.14,4,0.75,3,0.063,0.2,n.a.,n.a.,n.a.,n.a.,69,,,,
249,300,16.293,0.5,0.027,0.128,0.054,0.764,0.14,4,0.75,3,0.068,0.2,n.a.,n.a.,n.a.,n.a.,76,,,,
250,300,16.783,0.5,0.027,0.116,0.051,0.78,0.134,4,0.75,3,0.076,0.2,n.a.,n.a.,n.a.,n.a.,65,,,,
251,300,16.293,0.5,0.027,0.128,0.054,0.764,0.14,4,0.75,3,0.008,0.4,n.a.,n.a.,n.a.,n.a.,69,,,,
252,300,16.467,0.5,0.027,0.129,0.052,0.765,0.171,4,0.75,3,0.007,0.4,n.a.,n.a.,n.a.,n.a.,63,,,,
253,300,16.783,0.5,0.027,0.116,0.051,0.78,0.134,4,0.75,3,0.004,0.4,n.a.,n.a.,n.a.,n.a.,65,,,,
254,300,17.03,0.5,0.023,0.133,0.073,0.796,0.101,4,0.75,3,0.004,0.4,n.a.,n.a.,n.a.,n.a.,67,,,,
255,300,16.97,0.5,0.027,0.081,0.055,0.762,0.181,4,0.75,3,0.006,0.4,n.a.,n.a.,n.a.,n.a.,61,,,,
256,300,16.293,0.5,0.027,0.128,0.054,0.764,0.14,4,0.75,3,0,0.4,n.a.,n.a.,n.a.,n.a.,72,,,,
257,300,16.783,0.5,0.027,0.116,0.051,0.78,0.134,4,0.75,3,0.004,0.4,n.a.,n.a.,n.a.,n.a.,62,,,,
258,300,16.897,0.5,0.027,0.171,0.061,0.79,0.204,4,0.75,3,0.004,0.4,n.a.,n.a.,n.a.,n.a.,69,,,,
259,300,16.897,0.5,0.027,0.171,0.061,0.79,0.204,4,0.75,3,0.004,0.4,n.a.,n.a.,n.a.,n.a.,61,,,,
260,300,16.9,0.5,0.027,0.22,0.07,0.814,0.184,4,0.75,3,0.002,0.4,n.a.,n.a.,n.a.,n.a.,73,,,,
261,300,16.293,0.5,0.027,0.128,0.054,0.764,0.14,4,0.75,3,0,0.6,n.a.,n.a.,n.a.,n.a.,70,,,,
262,300,16.9,0.5,0.027,0.22,0.07,0.814,0.184,4,0.75,3,0,0.6,n.a.,n.a.,n.a.,n.a.,66,,,,
263,300,16.293,0.5,0.027,0.128,0.054,0.764,0.14,4,0.75,3,0,0.6,n.a.,n.a.,n.a.,n.a.,63,,,,
264,300,16.597,0.5,0.027,0.193,0.06,0.809,0.182,4,0.75,3,0,0.6,n.a.,n.a.,n.a.,n.a.,70,,,,
265,300,16.783,0.5,0.027,0.116,0.051,0.78,0.134,4,0.75,3,0,0.6,n.a.,n.a.,n.a.,n.a.,67,,,,
266,300,16.467,0.5,0.027,0.129,0.052,0.765,0.171,4,0.75,3,0,0.6,n.a.,n.a.,n.a.,n.a.,65,,,,
267,300,16.97,0.5,0.027,0.081,0.055,0.762,0.181,4,0.75,3,0,0.6,n.a.,n.a.,n.a.,n.a.,64,,,,
268,300,16.9,0.5,0.027,0.22,0.07,0.814,0.184,4,0.75,3,0,0.6,n.a.,n.a.,n.a.,n.a.,65,,,,
269,300,17.03,0.5,0.023,0.133,0.073,0.796,0.101,4,0.75,3,0,0.6,n.a.,n.a.,n.a.,n.a.,63,,,,
270,300,16.97,0.5,0.027,0.081,0.055,0.762,0.181,4,0.75,3,0,0.6,n.a.,n.a.,n.a.,n.a.,65,,,,
271,300,16.157,0.5,0.03,0.249,0.06,0.825,0.226,4,0.75,3,0,0.8,n.a.,n.a.,n.a.,n.a.,68,,,,
272,300,16.9,0.5,0.027,0.22,0.07,0.814,0.184,4,0.75,3,0,0.8,n.a.,n.a.,n.a.,n.a.,60,,,,
273,300,17.03,0.5,0.023,0.133,0.073,0.796,0.101,4,0.75,3,0,0.8,n.a.,n.a.,n.a.,n.a.,67,,,,
274,300,16.467,0.5,0.027,0.129,0.052,0.765,0.171,4,0.75,3,0,0.8,n.a.,n.a.,n.a.,n.a.,62,,,,
275,300,16.293,0.5,0.027,0.128,0.054,0.764,0.14,4,0.75,3,0,0.8,n.a.,n.a.,n.a.,n.a.,70,,,,
276,300,16.597,0.5,0.027,0.193,0.06,0.809,0.182,4,0.75,3,0,0.8,n.a.,n.a.,n.a.,n.a.,65,,,,
277,300,16.9,0.5,0.027,0.22,0.07,0.814,0.184,4,0.75,3,0,0.8,n.a.,n.a.,n.a.,n.a.,70,,,,
278,300,17.03,0.5,0.023,0.133,0.073,0.796,0.101,4,0.75,3,0,0.8,n.a.,n.a.,n.a.,n.a.,65,,,,
279,300,16.97,0.5,0.027,0.081,0.055,0.762,0.181,4,0.75,3,0,0.8,n.a.,n.a.,n.a.,n.a.,71,,,,
280,300,16.597,0.5,0.027,0.193,0.06,0.809,0.182,4,0.75,3,0,0.8,n.a.,n.a.,n.a.,n.a.,66,,,,
281,300,17.373,0.5,0.027,0.204,0.055,0.803,0.203,4,1,4,0.048,0.2,n.a.,n.a.,n.a.,n.a.,61,,,,
282,300,16.97,0.5,0.027,0.081,0.055,0.762,0.181,4,1,4,0.053,0.2,n.a.,n.a.,n.a.,n.a.,71,,,,
283,300,16.9,0.5,0.027,0.22,0.07,0.814,0.184,4,1,4,0.047,0.2,n.a.,n.a.,n.a.,n.a.,68,,,,
284,300,16.9,0.5,0.027,0.22,0.07,0.814,0.184,4,1,4,0.046,0.2,n.a.,n.a.,n.a.,n.a.,61,,,,
285,300,16.157,0.5,0.03,0.249,0.06,0.825,0.226,4,1,4,0.05,0.2,n.a.,n.a.,n.a.,n.a.,67,,,,
286,300,16.293,0.5,0.027,0.128,0.054,0.764,0.14,4,1,4,0.042,0.2,n.a.,n.a.,n.a.,n.a.,68,,,,
287,300,16.467,0.5,0.027,0.129,0.052,0.765,0.171,4,1,4,0.048,0.2,n.a.,n.a.,n.a.,n.a.,61,,,,
288,300,16.9,0.5,0.027,0.22,0.07,0.814,0.184,4,1,4,0.048,0.2,n.a.,n.a.,n.a.,n.a.,62,,,,
289,300,17.373,0.5,0.027,0.204,0.055,0.803,0.203,4,1,4,0.043,0.2,n.a.,n.a.,n.a.,n.a.,71,,,,
290,300,16.783,0.5,0.027,0.116,0.051,0.78,0.134,4,1,4,0.057,0.2,n.a.,n.a.,n.a.,n.a.,66,,,,
291,300,16.97,0.5,0.027,0.081,0.055,0.762,0.181,4,1,4,0.001,0.4,n.a.,n.a.,n.a.,n.a.,66,,,,
292,300,16.293,0.5,0.027,0.128,0.054,0.764,0.14,4,1,4,0.001,0.4,n.a.,n.a.,n.a.,n.a.,65,,,,
293,300,16.9,0.5,0.027,0.22,0.07,0.814,0.184,4,1,4,0.002,0.4,n.a.,n.a.,n.a.,n.a.,63,,,,
294,300,16.157,0.5,0.03,0.249,0.06,0.825,0.226,4,1,4,0,0.4,n.a.,n.a.,n.a.,n.a.,68,,,,
295,300,16.9,0.5,0.027,0.22,0.07,0.814,0.184,4,1,4,0.001,0.4,n.a.,n.a.,n.a.,n.a.,67,,,,
296,300,16.783,0.5,0.027,0.116,0.051,0.78,0.134,4,1,4,0.002,0.4,n.a.,n.a.,n.a.,n.a.,74,,,,
297,300,17.03,0.5,0.023,0.133,0.073,0.796,0.101,4,1,4,0.001,0.4,n.a.,n.a.,n.a.,n.a.,64,,,,
298,300,16.9,0.5,0.027,0.22,0.07,0.814,0.184,4,1,4,0.003,0.4,n.a.,n.a.,n.a.,n.a.,65,,,,
299,300,16.783,0.5,0.027,0.116,0.051,0.78,0.134,4,1,4,0,0.4,n.a.,n.a.,n.a.,n.a.,65,,,,
300,300,16.783,0.5,0.027,0.116,0.051,0.78,0.134,4,1,4,0.002,0.4,n.a.,n.a.,n.a.,n.a.,60,,,,
301,300,16.293,0.5,0.027,0.128,0.054,0.764,0.14,4,1,4,0,0.6,n.a.,n.a.,n.a.,n.a.,75,,,,
302,300,16.97,0.5,0.027,0.081,0.055,0.762,0.181,4,1,4,0,0.6,n.a.,n.a.,n.a.,n.a.,64,,,,
303,300,16.97,0.5,0.027,0.081,0.055,0.762,0.181,4,1,4,0,0.6,n.a.,n.a.,n.a.,n.a.,69,,,,
304,300,16.597,0.5,0.027,0.193,0.06,0.809,0.182,4,1,4,0,0.6,n.a.,n.a.,n.a.,n.a.,64,,,,
305,300,16.9,0.5,0.027,0.22,0.07,0.814,0.184,4,1,4,0,0.6,n.a.,n.a.,n.a.,n.a.,60,,,,
306,300,16.897,0.5,0.027,0.171,0.061,0.79,0.204,4,1,4,0,0.6,n.a.,n.a.,n.a.,n.a.,64,,,,
307,300,16.467,0.5,0.027,0.129,0.052,0.765,0.171,4,1,4,0,0.6,n.a.,n.a.,n.a.,n.a.,63,,,,
308,300,17.03,0.5,0.023,0.133,0.073,0.796,0.101,4,1,4,0,0.6,n.a.,n.a.,n.a.,n.a.,67,,,,
309,300,16.783,0.5,0.027,0.116,0.051,0.78,0.134,4,1,4,0,0.6,n.a.,n.a.,n.a.,n.a.,71,,,,
310,300,16.293,0.5,0.027,0.128,0.054,0.764,0.14,4,1,4,0,0.6,n.a.,n.a.,n.a.,n.a.,65,,,,
311,300,16.293,0.5,0.027,0.128,0.054,0.764,0.14,4,1,4,0,0.8,n.a.,n.a.,n.a.,n.a.,71,,,,
312,300,16.9,0.5,0.027,0.22,0.07,0.814,0.184,4,1,4,0,0.8,n.a.,n.a.,n.a.,n.a.,67,,,,
313,300,16.467,0.5,0.027,0.129,0.052,0.765,0.171,4,1,4,0,0.8,n.a.,n.a.,n.a.,n.a.,62,,,,
314,300,17.03,0.5,0.023,0.133,0.073,0.796,0.101,4,1,4,0,0.8,n.a.,n.a.,n.a.,n.a.,64,,,,
315,300,16.293,0.5,0.027,0.128,0.054,0.764,0.14,4,1,4,0,0.8,n.a.,n.a.,n.a.,n.a.,65,,,,
316,300,16.783,0.5,0.027,0.116,0.051,0.78,0.134,4,1,4,0,0.8,n.a.,n.a.,n.a.,n.a.,64,,,,
317,300,16.783,0.5,0.027,0.116,0.051,0.78,0.134,4,1,4,0,0.8,n.a.,n.a.,n.a.,n.a.,75,,,,
318,300,16.97,0.5,0.027,0.081,0.055,0.762,0.181,4,1,4,0,0.8,n.a.,n.a.,n.a.,n.a.,66,,,,
319,300,16.783,0.5,0.027,0.116,0.051,0.78,0.134,4,1,4,0,0.8,n.a.,n.a.,n.a.,n.a.,65,,,,
320,300,16.293,0.5,0.027,0.128,0.054,0.764,0.14,4,1,4,0,0.8,n.a.,n.a.,n.a.,n.a.,71,,,,
321,300,11.307,0.75,0.054,0.152,0.096,0.905,0.088,4,0.25,1,0.42,0.2,n.a.,n.a.,n.a.,n.a.,120,,,,
322,300,11.62,0.75,0.047,0.105,0.106,0.914,0.048,4,0.25,1,0.334,0.2,n.a.,n.a.,n.a.,n.a.,109,,,,
323,300,11.467,0.75,0.05,0.115,0.106,0.909,0.086,4,0.25,1,0.34,0.2,n.a.,n.a.,n.a.,n.a.,107,,,,
324,300,11.107,0.75,0.057,0.16,0.088,0.904,0.091,4,0.25,1,0.364,0.2,n.a.,n.a.,n.a.,n.a.,120,,,,
325,300,11.38,0.75,0.047,0.094,0.107,0.909,0.062,4,0.25,1,0.378,0.2,n.a.,n.a.,n.a.,n.a.,114,,,,
326,300,11.217,0.75,0.057,0.084,0.082,0.889,0.081,4,0.25,1,0.417,0.2,n.a.,n.a.,n.a.,n.a.,132,,,,
327,300,11.383,0.75,0.057,0.123,0.079,0.894,0.106,4,0.25,1,0.364,0.2,n.a.,n.a.,n.a.,n.a.,116,,,,
328,300,11.62,0.75,0.047,0.105,0.106,0.914,0.048,4,0.25,1,0.42,0.2,n.a.,n.a.,n.a.,n.a.,123,,,,
329,300,11.13,0.75,0.05,0.113,0.091,0.904,0.06,4,0.25,1,0.351,0.2,n.a.,n.a.,n.a.,n.a.,114,,,,
330,300,11.453,0.75,0.06,0.181,0.085,0.907,0.101,4,0.25,1,0.361,0.2,n.a.,n.a.,n.a.,n.a.,133,,,,
331,300,11.277,0.75,0.057,0.083,0.087,0.898,0.108,4,0.25,1,0.039,0.4,n.a.,n.a.,n.a.,n.a.,123,,,,
332,300,11.56,0.75,0.05,0.1,0.088,0.907,0.059,4,0.25,1,0.025,0.4,n.a.,n.a.,n.a.,n.a.,113,,,,
333,300,11.247,0.75,0.047,0.075,0.105,0.912,0.043,4,0.25,1,0.035,0.4,n.a.,n.a.,n.a.,n.a.,121,,,,
334,300,11.77,0.75,0.054,0.128,0.091,0.902,0.08,4,0.25,1,0.019,0.4,n.a.,n.a.,n.a.,n.a.,131,,,,
335,300,11.297,0.75,0.054,0.121,0.079,0.907,0.078,4,0.25,1,0.043,0.4,n.a.,n.a.,n.a.,n.a.,117,,,,
336,300,11.287,0.75,0.054,0.125,0.094,0.895,0.096,4,0.25,1,0.023,0.4,n.a.,n.a.,n.a.,n.a.,120,,,,
337,300,11.097,0.75,0.057,0.091,0.08,0.903,0.091,4,0.25,1,0.048,0.4,n.a.,n.a.,n.a.,n.a.,119,,,,
338,300,11.107,0.75,0.054,0.084,0.083,0.898,0.071,4,0.25,1,0.042,0.4,n.a.,n.a.,n.a.,n.a.,124,,,,
339,300,11.253,0.75,0.057,0.115,0.082,0.901,0.098,4,0.25,1,0.061,0.4,n.a.,n.a.,n.a.,n.a.,117,,,,
340,300,11.067,0.75,0.057,0.151,0.089,0.908,0.103,4,0.25,1,0.046,0.4,n.a.,n.a.,n.a.,n.a.,119,,,,
341,300,11.253,0.75,0.057,0.121,0.087,0.91,0.108,4,0.25,1,0,0.6,n.a.,n.a.,n.a.,n.a.,132,,,,
342,300,11.417,0.75,0.054,0.125,0.094,0.905,0.068,4,0.25,1,0,0.6,n.a.,n.a.,n.a.,n.a.,123,,,,
343,300,11.067,0.75,0.054,0.097,0.087,0.901,0.068,4,0.25,1,0,0.6,n.a.,n.a.,n.a.,n.a.,125,,,,
344,300,11.353,0.75,0.057,0.129,0.09,0.898,0.11,4,0.25,1,0,0.6,n.a.,n.a.,n.a.,n.a.,125,,,,
345,300,11.243,0.75,0.054,0.14,0.083,0.904,0.072,4,0.25,1,0,0.6,n.a.,n.a.,n.a.,n.a.,119,,,,
346,300,11.21,0.75,0.057,0.115,0.078,0.898,0.101,4,0.25,1,0,0.6,n.a.,n.a.,n.a.,n.a.,111,,,,
347,300,11.347,0.75,0.057,0.119,0.082,0.9,0.093,4,0.25,1,0,0.6,n.a.,n.a.,n.a.,n.a.,114,,,,
348,300,11.183,0.75,0.054,0.101,0.08,0.902,0.085,4,0.25,1,0,0.6,n.a.,n.a.,n.a.,n.a.,106,,,,
349,300,11.273,0.75,0.05,0.086,0.105,0.909,0.062,4,0.25,1,0,0.6,n.a.,n.a.,n.a.,n.a.,114,,,,
350,300,11.63,0.75,0.05,0.061,0.089,0.899,0.054,4,0.25,1,0,0.6,n.a.,n.a.,n.a.,n.a.,126,,,,
351,300,11.08,0.75,0.054,0.146,0.101,0.909,0.098,4,0.25,1,0,0.8,n.a.,n.a.,n.a.,n.a.,117,,,,
352,300,11.553,0.75,0.057,0.136,0.083,0.9,0.103,4,0.25,1,0,0.8,n.a.,n.a.,n.a.,n.a.,121,,,,
353,300,11.137,0.75,0.054,0.092,0.093,0.897,0.079,4,0.25,1,0,0.8,n.a.,n.a.,n.a.,n.a.,129,,,,
354,300,10.963,0.75,0.06,0.145,0.074,0.897,0.119,4,0.25,1,0,0.8,n.a.,n.a.,n.a.,n.a.,120,,,,
355,300,11.31,0.75,0.057,0.138,0.088,0.901,0.098,4,0.25,1,0,0.8,n.a.,n.a.,n.a.,n.a.,121,,,,
356,300,11.453,0.75,0.06,0.181,0.085,0.907,0.101,4,0.25,1,0,0.8,n.a.,n.a.,n.a.,n.a.,114,,,,
357,300,10.967,0.75,0.054,0.148,0.092,0.909,0.103,4,0.25,1,0,0.8,n.a.,n.a.,n.a.,n.a.,125,,,,
358,300,10.7,0.75,0.057,0.133,0.075,0.907,0.1,4,0.25,1,0,0.8,n.a.,n.a.,n.a.,n.a.,140,,,,
359,300,11.277,0.75,0.054,0.132,0.081,0.906,0.1,4,0.25,1,0,0.8,n.a.,n.a.,n.a.,n.a.,113,,,,
360,300,11.113,0.75,0.05,0.1,0.099,0.908,0.064,4,0.25,1,0,0.8,n.a.,n.a.,n.a.,n.a.,123,,,,
361,300,10.92,0.75,0.054,0.096,0.087,0.899,0.08,4,0.5,2,0.197,0.2,n.a.,n.a.,n.a.,n.a.,126,,,,
362,300,11.43,0.75,0.05,0.096,0.094,0.908,0.059,4,0.5,2,0.154,0.2,n.a.,n.a.,n.a.,n.a.,121,,,,
363,300,10.97,0.75,0.057,0.096,0.082,0.902,0.08,4,0.5,2,0.211,0.2,n.a.,n.a.,n.a.,n.a.,129,,,,
364,300,11.213,0.75,0.054,0.104,0.086,0.901,0.097,4,0.5,2,0.16,0.2,n.a.,n.a.,n.a.,n.a.,117,,,,
365,300,11.413,0.75,0.05,0.107,0.095,0.902,0.056,4,0.5,2,0.164,0.2,n.a.,n.a.,n.a.,n.a.,113,,,,
366,300,11.077,0.75,0.06,0.126,0.076,0.9,0.114,4,0.5,2,0.213,0.2,n.a.,n.a.,n.a.,n.a.,127,,,,
367,300,11.24,0.75,0.054,0.096,0.082,0.9,0.055,4,0.5,2,0.161,0.2,n.a.,n.a.,n.a.,n.a.,120,,,,
368,300,10.86,0.75,0.054,0.112,0.085,0.905,0.069,4,0.5,2,0.209,0.2,n.a.,n.a.,n.a.,n.a.,122,,,,
369,300,11.667,0.75,0.054,0.096,0.081,0.9,0.075,4,0.5,2,0.186,0.2,n.a.,n.a.,n.a.,n.a.,119,,,,
370,300,11.267,0.75,0.054,0.108,0.086,0.909,0.08,4,0.5,2,0.21,0.2,n.a.,n.a.,n.a.,n.a.,117,,,,
371,300,11.22,0.75,0.054,0.11,0.096,0.905,0.097,4,0.5,2,0.015,0.4,n.a.,n.a.,n.a.,n.a.,120,,,,
372,300,11.433,0.75,0.054,0.133,0.101,0.907,0.068,4,0.5,2,0.005,0.4,n.a.,n.a.,n.a.,n.a.,134,,,,
373,300,11.647,0.75,0.05,0.13,0.11,0.913,0.074,4,0.5,2,0.015,0.4,n.a.,n.a.,n.a.,n.a.,123,,,,
374,300,11.26,0.75,0.057,0.16,0.088,0.903,0.104,4,0.5,2,0.015,0.4,n.a.,n.a.,n.a.,n.a.,131,,,,
375,300,11.21,0.75,0.054,0.117,0.089,0.909,0.08,4,0.5,2,0.021,0.4,n.a.,n.a.,n.a.,n.a.,116,,,,
376,300,11.143,0.75,0.05,0.114,0.098,0.906,0.068,4,0.5,2,0.02,0.4,n.a.,n.a.,n.a.,n.a.,113,,,,
377,300,11.41,0.75,0.054,0.112,0.091,0.908,0.064,4,0.5,2,0.011,0.4,n.a.,n.a.,n.a.,n.a.,124,,,,
378,300,11.317,0.75,0.057,0.108,0.089,0.902,0.095,4,0.5,2,0.016,0.4,n.a.,n.a.,n.a.,n.a.,124,,,,
379,300,10.87,0.75,0.054,0.118,0.087,0.9,0.082,4,0.5,2,0.024,0.4,n.a.,n.a.,n.a.,n.a.,113,,,,
380,300,11.513,0.75,0.054,0.127,0.098,0.904,0.084,4,0.5,2,0.024,0.4,n.a.,n.a.,n.a.,n.a.,115,,,,
381,300,11.337,0.75,0.05,0.124,0.101,0.907,0.077,4,0.5,2,0,0.6,n.a.,n.a.,n.a.,n.a.,118,,,,
382,300,11.277,0.75,0.06,0.148,0.089,0.902,0.113,4,0.5,2,0,0.6,n.a.,n.a.,n.a.,n.a.,144,,,,
383,300,11.247,0.75,0.05,0.1,0.097,0.91,0.049,4,0.5,2,0,0.6,n.a.,n.a.,n.a.,n.a.,120,,,,
384,300,11.3,0.75,0.054,0.121,0.092,0.895,0.102,4,0.5,2,0,0.6,n.a.,n.a.,n.a.,n.a.,111,,,,
385,300,10.86,0.75,0.057,0.129,0.086,0.905,0.096,4,0.5,2,0,0.6,n.a.,n.a.,n.a.,n.a.,121,,,,
386,300,11.177,0.75,0.054,0.115,0.101,0.905,0.07,4,0.5,2,0,0.6,n.a.,n.a.,n.a.,n.a.,134,,,,
387,300,11.1,0.75,0.054,0.146,0.089,0.911,0.079,4,0.5,2,0,0.6,n.a.,n.a.,n.a.,n.a.,125,,,,
388,300,11.083,0.75,0.06,0.148,0.081,0.895,0.114,4,0.5,2,0,0.6,n.a.,n.a.,n.a.,n.a.,123,,,,
389,300,11.733,0.75,0.054,0.15,0.101,0.91,0.103,4,0.5,2,0,0.6,n.a.,n.a.,n.a.,n.a.,112,,,,
390,300,11.21,0.75,0.054,0.098,0.086,0.901,0.06,4,0.5,2,0,0.6,n.a.,n.a.,n.a.,n.a.,122,,,,
391,300,11.297,0.75,0.05,0.111,0.096,0.904,0.054,4,0.5,2,0,0.8,n.a.,n.a.,n.a.,n.a.,122,,,,
392,300,11.527,0.75,0.054,0.11,0.094,0.908,0.083,4,0.5,2,0,0.8,n.a.,n.a.,n.a.,n.a.,112,,,,
393,300,11.507,0.75,0.054,0.114,0.098,0.907,0.071,4,0.5,2,0,0.8,n.a.,n.a.,n.a.,n.a.,116,,,,
394,300,11.01,0.75,0.057,0.134,0.087,0.901,0.07,4,0.5,2,0,0.8,n.a.,n.a.,n.a.,n.a.,123,,,,
395,300,11.29,0.75,0.054,0.118,0.088,0.908,0.094,4,0.5,2,0,0.8,n.a.,n.a.,n.a.,n.a.,123,,,,
396,300,11.423,0.75,0.054,0.148,0.097,0.907,0.081,4,0.5,2,0,0.8,n.a.,n.a.,n.a.,n.a.,121,,,,
397,300,10.86,0.75,0.054,0.112,0.085,0.905,0.069,4,0.5,2,0,0.8,n.a.,n.a.,n.a.,n.a.,128,,,,
398,300,11.447,0.75,0.05,0.097,0.095,0.905,0.06,4,0.5,2,0,0.8,n.a.,n.a.,n.a.,n.a.,129,,,,
399,300,11.233,0.75,0.047,0.068,0.088,0.904,0.054,4,0.5,2,0,0.8,n.a.,n.a.,n.a.,n.a.,113,,,,
400,300,10.987,0.75,0.057,0.124,0.082,0.9,0.089,4,0.5,2,0,0.8,n.a.,n.a.,n.a.,n.a.,124,,,,
401,300,11.253,0.75,0.057,0.134,0.091,0.906,0.111,4,0.75,3,0.129,0.2,n.a.,n.a.,n.a.,n.a.,119,,,,
402,300,11.553,0.75,0.057,0.136,0.083,0.9,0.103,4,0.75,3,0.115,0.2,n.a.,n.a.,n.a.,n.a.,127,,,,
403,300,11.18,0.75,0.054,0.104,0.078,0.9,0.062,4,0.75,3,0.146,0.2,n.a.,n.a.,n.a.,n.a.,116,,,,
404,300,11.34,0.75,0.057,0.126,0.078,0.896,0.109,4,0.75,3,0.125,0.2,n.a.,n.a.,n.a.,n.a.,123,,,,
405,300,11.46,0.75,0.05,0.119,0.11,0.915,0.088,4,0.75,3,0.111,0.2,n.a.,n.a.,n.a.,n.a.,120,,,,
406,300,11.073,0.75,0.057,0.139,0.095,0.904,0.089,4,0.75,3,0.126,0.2,n.a.,n.a.,n.a.,n.a.,129,,,,
407,300,11.613,0.75,0.054,0.117,0.094,0.908,0.09,4,0.75,3,0.122,0.2,n.a.,n.a.,n.a.,n.a.,120,,,,
408,300,11.213,0.75,0.05,0.115,0.091,0.911,0.056,4,0.75,3,0.147,0.2,n.a.,n.a.,n.a.,n.a.,129,,,,
409,300,10.68,0.75,0.06,0.136,0.068,0.894,0.088,4,0.75,3,0.114,0.2,n.a.,n.a.,n.a.,n.a.,120,,,,
410,300,10.833,0.75,0.054,0.102,0.084,0.897,0.088,4,0.75,3,0.116,0.2,n.a.,n.a.,n.a.,n.a.,105,,,,
411,300,11.583,0.75,0.05,0.092,0.093,0.91,0.061,4,0.75,3,0.015,0.4,n.a.,n.a.,n.a.,n.a.,119,,,,
412,300,11.21,0.75,0.06,0.136,0.085,0.901,0.116,4,0.75,3,0.004,0.4,n.a.,n.a.,n.a.,n.a.,121,,,,
413,300,11.097,0.75,0.05,0.09,0.096,0.906,0.058,4,0.75,3,0.007,0.4,n.a.,n.a.,n.a.,n.a.,112,,,,
414,300,11.25,0.75,0.057,0.096,0.078,0.894,0.109,4,0.75,3,0.007,0.4,n.a.,n.a.,n.a.,n.a.,112,,,,
415,300,11.113,0.75,0.05,0.1,0.099,0.908,0.064,4,0.75,3,0,0.4,n.a.,n.a.,n.a.,n.a.,109,,,,
416,300,11.157,0.75,0.05,0.103,0.084,0.905,0.059,4,0.75,3,0.008,0.4,n.a.,n.a.,n.a.,n.a.,121,,,,
417,300,11.263,0.75,0.05,0.107,0.107,0.913,0.088,4,0.75,3,0.008,0.4,n.a.,n.a.,n.a.,n.a.,119,,,,
418,300,11.383,0.75,0.057,0.123,0.079,0.894,0.106,4,0.75,3,0,0.4,n.a.,n.a.,n.a.,n.a.,116,,,,
419,300,10.963,0.75,0.054,0.115,0.07,0.903,0.078,4,0.75,3,0.003,0.4,n.a.,n.a.,n.a.,n.a.,122,,,,
420,300,11.483,0.75,0.054,0.125,0.076,0.896,0.081,4,0.75,3,0,0.4,n.a.,n.a.,n.a.,n.a.,113,,,,
421,300,10.827,0.75,0.054,0.11,0.082,0.901,0.062,4,0.75,3,0,0.6,n.a.,n.a.,n.a.,n.a.,120,,,,
422,300,10.7,0.75,0.057,0.098,0.075,0.898,0.089,4,0.75,3,0,0.6,n.a.,n.a.,n.a.,n.a.,117,,,,
423,300,11.327,0.75,0.05,0.068,0.08,0.898,0.08,4,0.75,3,0,0.6,n.a.,n.a.,n.a.,n.a.,121,,,,
424,300,11.187,0.75,0.06,0.144,0.08,0.894,0.101,4,0.75,3,0,0.6,n.a.,n.a.,n.a.,n.a.,125,,,,
425,300,11.003,0.75,0.05,0.116,0.098,0.902,0.072,4,0.75,3,0,0.6,n.a.,n.a.,n.a.,n.a.,116,,,,
426,300,11.487,0.75,0.05,0.081,0.086,0.901,0.065,4,0.75,3,0,0.6,n.a.,n.a.,n.a.,n.a.,111,,,,
427,300,11.237,0.75,0.057,0.128,0.081,0.9,0.079,4,0.75,3,0,0.6,n.a.,n.a.,n.a.,n.a.,131,,,,
428,300,10.97,0.75,0.054,0.12,0.093,0.909,0.083,4,0.75,3,0,0.6,n.a.,n.a.,n.a.,n.a.,110,,,,
429,300,11.297,0.75,0.054,0.141,0.097,0.903,0.086,4,0.75,3,0,0.6,n.a.,n.a.,n.a.,n.a.,121,,,,
430,300,10.773,0.75,0.057,0.1,0.081,0.901,0.095,4,0.75,3,0,0.6,n.a.,n.a.,n.a.,n.a.,124,,,,
431,300,11.127,0.75,0.054,0.093,0.082,0.897,0.079,4,0.75,3,0,0.8,n.a.,n.a.,n.a.,n.a.,132,,,,
432,300,10.957,0.75,0.054,0.078,0.079,0.902,0.059,4,0.75,3,0,0.8,n.a.,n.a.,n.a.,n.a.,126,,,,
433,300,10.7,0.75,0.057,0.098,0.075,0.898,0.089,4,0.75,3,0,0.8,n.a.,n.a.,n.a.,n.a.,131,,,,
434,300,11.187,0.75,0.057,0.116,0.077,0.899,0.093,4,0.75,3,0,0.8,n.a.,n.a.,n.a.,n.a.,133,,,,
435,300,11.257,0.75,0.054,0.096,0.088,0.906,0.077,4,0.75,3,0,0.8,n.a.,n.a.,n.a.,n.a.,114,,,,
436,300,11.417,0.75,0.06,0.163,0.089,0.91,0.125,4,0.75,3,0,0.8,n.a.,n.a.,n.a.,n.a.,119,,,,
437,300,11.233,0.75,0.054,0.098,0.087,0.907,0.078,4,0.75,3,0,0.8,n.a.,n.a.,n.a.,n.a.,121,,,,
438,300,10.657,0.75,0.054,0.126,0.086,0.903,0.089,4,0.75,3,0,0.8,n.a.,n.a.,n.a.,n.a.,110,,,,
439,300,11.537,0.75,0.057,0.141,0.086,0.905,0.114,4,0.75,3,0,0.8,n.a.,n.a.,n.a.,n.a.,117,,,,
440,300,11.233,0.75,0.054,0.13,0.089,0.906,0.088,4,0.75,3,0,0.8,n.a.,n.a.,n.a.,n.a.,114,,,,
441,300,11.33,0.75,0.054,0.107,0.086,0.904,0.062,4,1,4,0.093,0.2,n.a.,n.a.,n.a.,n.a.,115,,,,
442,300,10.913,0.75,0.05,0.104,0.096,0.902,0.072,4,1,4,0.086,0.2,n.a.,n.a.,n.a.,n.a.,115,,,,
443,300,11.147,0.75,0.057,0.139,0.087,0.908,0.086,4,1,4,0.098,0.2,n.a.,n.a.,n.a.,n.a.,122,,,,
444,300,11.253,0.75,0.057,0.14,0.08,0.904,0.095,4,1,4,0.086,0.2,n.a.,n.a.,n.a.,n.a.,122,,,,
445,300,11.33,0.75,0.054,0.107,0.086,0.904,0.062,4,1,4,0.088,0.2,n.a.,n.a.,n.a.,n.a.,131,,,,
446,300,11.057,0.75,0.06,0.147,0.082,0.897,0.114,4,1,4,0.103,0.2,n.a.,n.a.,n.a.,n.a.,118,,,,
447,300,11.163,0.75,0.057,0.098,0.075,0.895,0.108,4,1,4,0.103,0.2,n.a.,n.a.,n.a.,n.a.,135,,,,
448,300,10.987,0.75,0.057,0.124,0.082,0.9,0.089,4,1,4,0.079,0.2,n.a.,n.a.,n.a.,n.a.,121,,,,
449,300,11.25,0.75,0.057,0.144,0.082,0.904,0.099,4,1,4,0.085,0.2,n.a.,n.a.,n.a.,n.a.,133,,,,
450,300,11.34,0.75,0.057,0.126,0.078,0.896,0.109,4,1,4,0.093,0.2,n.a.,n.a.,n.a.,n.a.,126,,,,
451,300,11.227,0.75,0.06,0.155,0.085,0.904,0.098,4,1,4,0.003,0.4,n.a.,n.a.,n.a.,n.a.,134,,,,
452,300,11.267,0.75,0.054,0.108,0.086,0.909,0.08,4,1,4,0.008,0.4,n.a.,n.a.,n.a.,n.a.,122,,,,
453,300,11.247,0.75,0.054,0.125,0.1,0.907,0.091,4,1,4,0.003,0.4,n.a.,n.a.,n.a.,n.a.,114,,,,
454,300,10.927,0.75,0.05,0.122,0.089,0.901,0.078,4,1,4,0.002,0.4,n.a.,n.a.,n.a.,n.a.,115,,,,
455,300,11.473,0.75,0.054,0.138,0.09,0.91,0.087,4,1,4,0.003,0.4,n.a.,n.a.,n.a.,n.a.,125,,,,
456,300,10.827,0.75,0.06,0.11,0.065,0.895,0.111,4,1,4,0.003,0.4,n.a.,n.a.,n.a.,n.a.,130,,,,
457,300,11.14,0.75,0.057,0.128,0.088,0.902,0.09,4,1,4,0,0.4,n.a.,n.a.,n.a.,n.a.,134,,,,
458,300,11.277,0.75,0.06,0.148,0.089,0.902,0.113,4,1,4,0.003,0.4,n.a.,n.a.,n.a.,n.a.,127,,,,
459,300,11.24,0.75,0.054,0.096,0.082,0.9,0.055,4,1,4,0.003,0.4,n.a.,n.a.,n.a.,n.a.,120,,,,
460,300,11.233,0.75,0.057,0.119,0.083,0.904,0.095,4,1,4,0.003,0.4,n.a.,n.a.,n.a.,n.a.,126,,,,
461,300,11.097,0.75,0.057,0.091,0.08,0.903,0.091,4,1,4,0,0.6,n.a.,n.a.,n.a.,n.a.,124,,,,
462,300,11.707,0.75,0.057,0.136,0.094,0.908,0.09,4,1,4,0,0.6,n.a.,n.a.,n.a.,n.a.,148,,,,
463,300,11.56,0.75,0.054,0.103,0.095,0.901,0.071,4,1,4,0,0.6,n.a.,n.a.,n.a.,n.a.,121,,,,
464,300,11.34,0.75,0.05,0.063,0.09,0.901,0.091,4,1,4,0,0.6,n.a.,n.a.,n.a.,n.a.,109,,,,
465,300,11.317,0.75,0.057,0.108,0.089,0.902,0.095,4,1,4,0,0.6,n.a.,n.a.,n.a.,n.a.,128,,,,
466,300,11.647,0.75,0.05,0.13,0.11,0.913,0.074,4,1,4,0,0.6,n.a.,n.a.,n.a.,n.a.,114,,,,
467,300,10.963,0.75,0.06,0.145,0.074,0.897,0.119,4,1,4,0,0.6,n.a.,n.a.,n.a.,n.a.,119,,,,
468,300,11.26,0.75,0.054,0.131,0.084,0.904,0.086,4,1,4,0,0.6,n.a.,n.a.,n.a.,n.a.,128,,,,
469,300,10.857,0.75,0.057,0.14,0.085,0.89,0.093,4,1,4,0,0.6,n.a.,n.a.,n.a.,n.a.,125,,,,
470,300,10.87,0.75,0.054,0.118,0.087,0.9,0.082,4,1,4,0,0.6,n.a.,n.a.,n.a.,n.a.,117,,,,
471,300,11.297,0.75,0.057,0.129,0.077,0.896,0.082,4,1,4,0,0.8,n.a.,n.a.,n.a.,n.a.,123,,,,
472,300,11.07,0.75,0.057,0.115,0.083,0.902,0.088,4,1,4,0,0.8,n.a.,n.a.,n.a.,n.a.,133,,,,
473,300,11.46,0.75,0.054,0.117,0.091,0.902,0.092,4,1,4,0,0.8,n.a.,n.a.,n.a.,n.a.,125,,,,
474,300,11.517,0.75,0.05,0.106,0.108,0.91,0.079,4,1,4,0,0.8,n.a.,n.a.,n.a.,n.a.,112,,,,
475,300,11.317,0.75,0.057,0.136,0.088,0.906,0.104,4,1,4,0,0.8,n.a.,n.a.,n.a.,n.a.,127,,,,
476,300,11.347,0.75,0.05,0.075,0.095,0.903,0.09,4,1,4,0,0.8,n.a.,n.a.,n.a.,n.a.,111,,,,
477,300,11.353,0.75,0.05,0.074,0.093,0.902,0.05,4,1,4,0,0.8,n.a.,n.a.,n.a.,n.a.,125,,,,
478,300,10.857,0.75,0.057,0.14,0.085,0.89,0.093,4,1,4,0,0.8,n.a.,n.a.,n.a.,n.a.,119,,,,
479,300,11.127,0.75,0.054,0.093,0.082,0.897,0.079,4,1,4,0,0.8,n.a.,n.a.,n.a.,n.a.,108,,,,
480,300,11.62,0.75,0.054,0.122,0.091,0.901,0.069,4,1,4,0,0.8,n.a.,n.a.,n.a.,n.a.,112,,,,
